Milica;Ivanović;F;2000-04-22
Adnan;Hadžić;M;1998-07-11
Lejla;Kapić;F;2001-03-19
Amir;Hodžić;M;1997-12-05
Amina;Bešić;F;2002-06-14
Marko;Kovačević;M;1999-09-27
Ivana;Marić;F;2000-01-08
Nikola;Petrović;M;1996-05-30
Sara;Delić;F;2001-10-12
Haris;Mujić;M;1998-02-21
Ana;Perić;F;1999-11-04
Stefan;Janković;M;1997-08-16
Emina;Softić;F;2000-12-29
Alen;Mehmedović;M;1996-04-07
Marija;Babić;F;2002-07-18
Dino;Selimović;M;1999-03-25
Jelena;Tomić;F;2001-09-06
Milan;Stojanović;M;1995-01-14
Nermina;Avdić;F;2000-06-02
Edin;Zukić;M;1998-11-20
Katarina;Radić;F;2002-02-09
Luka;Božić;M;1997-07-31
Belma;Imamović;F;1999-10-15
Tarik;Smajić;M;2001-05-28
Petra;Vuković;F;2000-08-03
Goran;Milić;M;1996-12-11
Ajla;Šabić;F;2002-04-22
Damir;Omerović;M;1998-09-01
Tea;Horvat;F;1999-02-17
Zoran;Đorđević;M;1995-06-26
Maja;Knežević;F;2001-11-08
Vedran;Grgić;M;1997-03-13
Selma;Halilović;F;2000-07-24
Boris;Pavlović;M;1996-10-05
Nina;Lovrić;F;2002-01-30
Emir;Kovač;M;1999-04-18
Helena;Vidović;F;2001-08-27
Mirza;Džafić;M;1998-02-06
Iva;Jurić;F;2000-12-19
Nenad;Popović;M;1995-09-09
Lamija;Krupalija;F;2002-06-01
Ivan;Ristić;M;1997-11-23
Tamara;Nikolić;F;1999-05-14
Armin;Bajramović;M;2001-03-07
Kristina;Šimić;F;2000-10-28
Ognjen;Lazić;M;1996-01-12
Una;Kraljević;F;2002-08-21
Adis;Šehić;M;1998-06-04
